lnc_id	pc_id	pearson_r	pearson_pval	pearson_padj	spearman_rho	spearman_pval	spearman_padj	lnc_expr_samples	pc_expr_samples	concurrent_samples
TCONS_00010383	AT1G14870.1	0.858234416813607	0.0287216553370376	0.0287216553370376	0.714285714285714	0.110787172011662	0.110787172011662	6	6	6
TCONS_00010383	AT1G14870.2	0.965422649588075	0.00177271952041578	0.00531815856124735	0.942857142857143	0.00480466472303207	0.0072069970845481	6	6	6
TCONS_00059983	AT5G40020.1	-0.894756714600692	0.0160313785208933	0.0240470677813399	-0.942857142857143	0.00480466472303207	0.0072069970845481	6	6	6
